AGE,GENDER,HEIGHT,WEIGHT,AP_HIGH,AP_LOW,CHOLESTEROL,GLUCOSE,SMOKE,ALCOHOL,PHYSICAL_ACTIVITY,CARDIO_DISEASE,RIESGO_ESTIMADO
30,2,173,69,100,80,1,1,0,0,1,0,2.3333333333333335
40,2,173,69,100,80,1,1,0,0,1,0,3.708333333333334
50,2,173,69,100,80,1,1,0,0,1,0,3.962962962962963
60,2,173,69,100,80,1,1,0,0,1,0,5.138888888888888
30,2,173,69,100,80,1,1,1,1,1,0,4.708333333333334
40,2,173,69,100,80,1,1,1,1,1,0,5.0606060606060606
50,2,173,69,100,80,1,1,1,1,1,0,5.138888888888888
60,2,173,69,100,80,1,1,1,1,1,0,5.138888888888888
